id;brand;model;year;power;price;image
1;Mercedes-Benz;S-Class;2023;435 PS;120000;https://cdn.jdpower.com/Models/640x480/2023-Mercedes-Benz-S-Class-MaybachS680.jpg
2;BMW;7 Series;2023;523 PS;130000;https://cdn.openart.ai/published/FRXFXTKADjpLUwoWuFec/PEy_VMZO_h7AH_256.webp
3;Audi;A8;2023;335 PS;110000;https://uploads.audi-mediacenter.com/system/production/cars/570/photos/e3157e6900e071bc4073b309f58caeca4bff01f2/web_1440_Audi_A8_TFSI_e.jpg?1698934569
4;Porsche;Panamera;2023;630 PS;150000;https://pictures.porsche.com/rtt/iris?COSY-EU-100-1711coMvsi60AAt5FwcmBEgA4qP8iBUDxPE3Cb9pNXABuN9dMGF4tl3U0%25z8rMHIspMBvMZq6G5OtgSv31nBJaA4qh4NSEGkaW%25cz91wxuzbUUdMGLqk0D3LF%25vUqC8VuWXsOBSiZJyNz5UctLgR4N2XgG2EtfLSHRSPvs18kpB%254Zoc
5;Lexus;LS;2023;416 PS;100000;https://lexuscdn.rotorint.com/LS/2023_10_Oct/001/e/360/png/lo/1200x675/SPN_LLS_010085LB278D27780C2_comp_002.png
6;Jaguar;XJ;2023;575 PS;115000;data:image/jpeg;base64,/9j/4AAQSkZJRgABAQAAAQABAAD/2wCEAAoHCBYVFRgWFRUYGRgaGBgcHRwZHBoaHB4cGBgZGhoaGhwcIS4lHB4rIRgaJjgmKy8xNTU1GiQ7QDs0Py40NTEBDAwMEA8QGBERGjEhGCExNDQ0MTQxNDQ0MTQ0NEA1MTExNDQxNDE0NDE/Oj0xNDE0NDQ0NDFAMTE0MToxPzQxMf/AABEIAKgBKwMBIgACEQEDEQH/xAAcAAACAgMBAQAAAAAAAAAAAAAABQQGAgMHAQj/xABJEAACAQIEAgYGBwQJAgYDAAABAgADEQQSITEFQQYiUWFxkRMyUoGhsQdCYnLB0fAUU4KSFjNDk6KywuHxFVQjdIOzw9IkJWT/xAAWAQEBAQAAAAAAAAAAAAAAAAAAAQL/xAAaEQEBAQEBAQEAAAAAAAAAAAAAAREhMRIC/9oADAMBAAIRAxEAPwDs0IQgEIQgEIQgEIQgEIQgEJofEopCs6hjqASAT4Am82M4G5A8YGcJCqcUoL61amvi6D5maD0hwn/dYf8Avaf/ANoDSEUf0mwf/dUP7xfzmJ6U4Ib4uh/eJ+cBzCJl6VYE7Y3Df31MfNpMocUoP6lam9/ZdW+RgTYTENfaZQCEIQCEIQCEIQCEIQCEIQCEIQCEIQCEIQCEIQCEIQCEIQCEWcW4xTw6guSWb1UXV2PYqjU7TnfSDpNUrCzMyoxstOiQSxPqgudGJ8GUgG4TKTAvvEOk2Go3DPmYbqgLkHsYjqofvERM3TUuL0cM7jtuz/CglTyvKnQRVAuFDAbJrlPPI7Xdf4SoPsjaZ1aqN64z973c+b3Mamn9TpHjW9VAg7sPXLf4wP8ALF+N4xjCDepUQe1UoV6aj+NURfjK1xPFbJTAVjZQVAFmfTN35Rdv4YxwxVLCmPR2AUFOo1gLDrLY7CUtIuM1MS4FRjQrKRYOQKwtrYBqpfTU8+ZixsVXOpqIPupTB80SXeqi1Sc5Cuf7W1r91cLpUTQdYjOupDWuJQekGDeg7CxXUgqfqspsw7+4jcEHa0Eutn7XW/7mqPusy/IgT0Yh+eIxB/8AWP5xKlQt2n3zP0Td3nM6unK4hv3tT316o+TTcmOYf2j/AN9WPzMrpe2lpkKptflteNFmTiT/ALx/53Pzabk4kTu+b7wLfNpVqblj+vwmbtbx/XfBq3UMcg+rSB7qag+d4xp8Q2IeqtvYevTHklQD4SiYfEEHlJqYwiEdHwfHqy2y4ioR2Ooce8v1v8Ub4bpi6/11HOvt0LlgNdWotr2eozk9gnMsHjL6XN4wTFMNQZNTXYuFcXoYlM9CotRdjlOqnsZTqrdxAMYzhwr5mFRXelWGgrUzZvBxs6/Zb3Wlq4P9IDUmWnxEBQTZMTTB9E3YHXem3w92s0uujwmqlVV1DKwZSLgqQQQdiCNxNsKIQhAIQhAIQhAIQhAIQhAIQhAIQkLiHEKdBc1VwoJsNySd7ADUnwgTZXeknSJcOpCkFwATe5VFbRWe2pJIsqDrMdtASEPGOmdRrrh6ZQfvGKFrfYS5APeb+EQs9N6YR1cWc1M9yHLlSpLlwQ5sdyQequukCFiMaXzVKpN2BLZyCzDscjQDT1F6osPWIDFbhMVnJqtvdlQa6KDlY9l2K79niZKx/Bndf/DrLbe1RWS5GwzJnQC9t2EirwXEIoVaZdVUC9MrU2FrkISR7wJEqT+0kgm8wfEWBJ5C8XM5UlTcHmDofeDIuOxFltfc/r8ITEjC189TMfqgt/E91B/lD+cb08RKzgKvrHtbTwUAW87yYMcq+swHmflBYsa1pq6QYUV8OHA6y2Ru+yk0mPiishJ/dL2xRh+KIxsG17DcX8LiO8BWDN6I/wBqCg1sA+jUj/eKi+DtKk5XOMMcrkHx8t/h8pM9L3HyM18do5KmddjqPfy+Ym2mRYHkdj+B75mxaiYgMSTY20+Uzq4vMgQIFAIOh7Ae7vmdZ/wkVUzPbt/L/aIRswznMAOcbYDCK75WJ0F4vTCte6Akj3xlgqpRsxRwSB9U/O3hJaVNPD0XUXJ5XJiziiZH7iqkeQB/XfJz4tj9Vou4izvryHLTs11liR5SxBBBjzD4gMARzlVRu2S6Fdl9U2HZv84xatAcH85tWpYFWAdWFiGF1I7CDEFLiB5jy/KT6WOHaPfKhpwnieI4cc2FJq4a93w7ksV7TTO4+faGnUeB9L8LiqDV0qBQq3qK2jUx9ocx3i4M5NQxFtQdJB4rwzNmq0LK5BDrsrhvWHcTzGx7jqUqyu3cN6VYTEf1VdW1tsy2PYQwFvfHc+W8HVI61MutQHQD1tD1lN7Ege8jmOY+g+hNWo+DovVN2YE8/VuQu++gvfv0uNZWlihCEAhCEAhCEAhCEAhCEAnIvpP4m37YtMHqpSW33nZix8gnlOuziH0np/8AsG70p/5bfhLAgGKYi9zM6WKe/VJvyte/umVRAlNR9ZtfdI6PbUEg9oJB8xKhnheOPcgMCV0Nxcj3nwk0cYv61ND3i6nzERJUYsWd2fkM1rgdhPPnrJC2MB4eNZhlYl19mqFqL4AOLDymivhsJW9ejlPbTdqZ/l6yf4BFmSZmmwQuFZgOSgsd+wa+/YRg21OB0qa3p1X0DG1QU0PNuq5Zc530Cg8+URVCBq+HqMeZV1Nz2gLe3xjZKoq07MuZG3VttDbUdtxvIH/QMMd0YeDkfO8ghrxDBkWenXH3Sh199pIo4s5VdMxCrfOFJsQ1ldrDQ9UHXvmz+jWE9uuO4lGB94UGVzGjJUdKb1PRg6asOQuCDbY3G3KKLP0lRKzVGQaFs4+7WVath93PbuymVrC18gZHBKns3U8mF+XaJZ8BSfKvUYZVA6+l7szaMB1hZrbdg5XmX9HxUuygWuRlNiNDY207QYwVQ1b/APBntGqFYNyHiO7e0sdfo8inWkqjtIdv8rWEzw3DaA3Sm38H5sZPkJ8PxhELXF77WtoR4/rWbjx7N6lMk8tS3ZyA7pZ6C0F9VEHgAJLXFpy08LflJ8xMilU8fiDtTdvFCPkB+iZk2HxFTenkH2uqPjcy4tVQ7sx/iP4TKk9JTcf5m+IvrNfMMip4XgFV9mpA9mdb+V7xmnQ6ud6lNfcT+Ma4hKL+so8RpIDYd0/qa7D7JNx5HSMVtpdCW+tXP8Kr+M3/ANBR+/reaD5CQRxzE0/XQMO1dPzHykrD9KwdzY9+n+0CTQ6D5d6+IPg6D/MhjfDdGaCDrtij3sabD/Alx4kCQKXSLvkyl0iHbGDa/Q3Cu/pELZ9Osr8xsTbS/LtljweIxNIAKyOo2VgdB2AjUfLuiFOPId7X7dj5jWTaHGU9q/j+Y/XfAs1HpAf7Si696EOPjY/Axjh+J0n0VxfsN1byaxlYp8RUjtmYxFNtwIFyhKzhcWV9Vjb2TqvkdvdaMl4ntdSfukH4Ej8ZFNISHRx6MQA1mOysCpPgGtfxEmQCEIQCEIQCcW+kqqn7czXuFpoGtyIvcfETtE+e/pLLJXxKn94fKofSf65YK6vF2qOeqxUcxsBy0toIxe2UEbGe9H8MQlgQpAubrmBNiSWNxYaFeZ8N5prNlZktlGpAPIg2ZdOwiEafSkSRTxRi921nivKHlLGTKqwcdVijcmF7jsBsRcRKjzclbaBYsEiqgW5J3JJuSTqSb98k5AZXqeKMl08cYDFsLeQcRwtTrbXTbxtrJFPHiSRiVIA7T8tfwgQMPS9GCFFgTex1F/AzdTr5Tpdb7228SDJZKmaKlMQPXxlX6rKe4j8z+Mi1cXmNnprf+U+64/Gb6STZVp6WIuOw6jygLaiLa/XTxGZfPX5yK6v9VlbwNvgZLqJkN0dkPdqvgV7Iur1yD10B+0hsfy+AgYviHXcETEY49s9XFDk/ucfiLzwuh9Zbd42gAx57ZmOIntmB4eGF0e8j1MG6/VJHdrAmjiBmmrUVtx75BMJBvuV9VpsTFsJEhAYJj27ZvTibDnFF4Six4fjzrsxjrCdIVfRiEflyVu77J+HhKDmnoYyDpacZZDY3BG474yw3SHtM5cvEnsA2ttATvbkL8wOU2JxQjnKOvpxlHFjax32I94Ohmyj0oNBglQ9U+qxJKEfEr2aXA9mcno8aI+t8Y2w3FErqaLtvcofZYD5GB3DAY9Kq3U9lx2X2Om4NjqNND2GTpwnoh0jq4fELQOt3ygE+qxNjf7BsLjsF9wCO4UKodQw2I/QmVboQhAJx36auDEWxIHVfIr9zIdD70/yTsUU9JeFpisNWoP6rowvzDAXVh3ggH3QOM4TDBKaFLkOpVyTqrsmmlh1cyge/nvK3xkMjqTzCm/ardUW9wHvBlsZxkoZsymsiorKAwYZFIDqwItqOtbQX1Glq500Wy0tUuFYHKb2AIKnXkb6eet4ClzMQ0DqAe23+08yGVGYaZK80GAaBKWpNgqyHmnoeBPSvJWExK51zk5bm9jY+qba2Nte4xOKkyD/r3QLjTwZcZqTgjTQsjfFTvpsVB7pFxKuhyupG197C+1+z3yuJVINwbHtE2Y7iThczMWtooPbyv26fKBYsPikUi/5TbjscCLgaTnKo9ZubNzP62jPC16+H3zFNQRfSxFja+2hItsbmNU5rYm80ama3dSAynqn4Sbw2iWN7qq31LXO32V38xFsnaSW3Ihvhe0Gx/WkP+nMRddRLFisXhFRRUq1GsVzBAiKQCL6WdwbXHrjeZphcPncKlQqrKpBxLL64urAZhdWuD/EIl3xb+bPVUNJ07RJ2F4idnHvj6u+DC6mshIJFqxfQcwHLq3uBiqqtBrslRXAtfMDTYXNr5lBQ729RfGXESfQJUFyoPwMg1uEr9Vsvc23mJKwFWjfSqE7qllH84JT4g90eY3hZdMwF+wjUHwI3hFPrcNdRcrdfaGo8xI5oWk79tei+jEEf8aj9bxhgsbhq7BKyejZiBnTQXOnWX8oFfKTAr+v+Y5x1CjTcrmdlGt7AaG+XNcgKWAuFBJII01tMDXRQctBbhtfSl3yjWykIEZXNtFN99SICjw+E9GHc7Kx9xjz9vcHKqovrWC06bGwDdUZgxZurcupZFB615kmMruQq1XOc2UB8qsM1gAVIUrddXUqx1CqBeQKE4PXPq0XPgsybglYesoT77KvzMs/EejL06Wf0jVbZc+dHOpKoShc5aqg7KchBbNcgSvlV10AFtb3IsSTZmYXIJsCXALHqo1oWyz1D/wCmP7dLcC3pae52Hrb90yoYKoDdCjFdbI6OdNfVUknaSilrk6WuDfTYWs1/V3tZrqgsFbMZ7ZwxCHK1rXsQwygWB7LaWVr5QAFY9aETKChq4rAAqiBmBuQcy5VFhqTZr6eyTyJnZehHFPTUdb9VigJGUtlFibcjobgbWPZOQ4quiJUAOUrUZVUD1g6VEIPMgLU0A7OW8cdEOKVfTUmY2RCCQLAWtlY2Gl8pO2g5c7r4O4QhCRRPJ7CBx3FVRQpKoW5oLUTW4I9CXoZQRqucqi3GuVyRbeVX6TMxdCWJUqco5DKFBsNhy0HZL70y4RmxNSldVXEKKqFiFzugVHoqx0U3FOoL6Eu05l064gKlVUUgimgUkEEZ/rWIJBAOmnNTATYSr1B5H3H/AIk1COWo/W45GI6NXLyuJvGKHeDKHyU0bc2Pft5zx+ENuuo7tYsoYu+h8x+UYYbFuhujEeGo94/MSoi1MI67iaSLSyUeMo2lWmD9pND5SQOHUKwvTcE9h0by3gVLNDNHeM6PuuwiithGXcQCmZE4kxZlUdm3eTYfL4yZRSRk/r7nZRm8Mq3v5yCwcIw2XLSSwYkAsTYFiLkXAJJ7ABta5FxJnEKLqgLZXpnmAcyjVdsqkag6Ee+Y4bDNQCVaoKEOlwwKnrMLkA62uT7gOUbcff0aqyqDlQm17AhmQEE8gb78rA8oFFpj0blPqvqOy/L9eEl0sUyE2Nu3n5i/679Jo4zTAAKm40ZTa3UPWTw0I05TXnzAN2j47GMl5V2zsSajh99r3sDpz1s1hz7Y54PxNFAWqhYhAgcJ6UFA2ZVdFdTddbMG2JBvpK0WmDa7xOF/S61K+FBUisiaEEMlWkWViMwNy+4BFxYi8j4ihhjVFSg9DKxcVKXpVVCjjKwRnCldCe4WU6c6vhsUUNg5UX1sSPGOcNjwbB8jjmGyuD/NeaQ0xOCWtlqUcRTq2KApnSm9gLG+dwASRc2B1POaMd0erUWz4N3YEgkJURW+1co5uLg2B1sRvGGCTCvbNh6J8EQfIRtT6LYB98Ov8LVF+TSaOa/tTVHKvfMxNibXJ7DYAX07JiwK+InVqfQ3BIcwpm41F3dh42ZrH3yrdKOEIpJQyBdimLCnU2zU9Te2oZ09ZhkXqBLs1ydAtppVbW5ZRt10KK3NbEvSQ33GYvfYAz3AXaiQPWpNn9bL1Wyoxu3VFiKerA2DMQLzZSpm+g2s1tRa5HXA1Zb751zO2llEDwJ9W1wbDLlBudDlCKcrHXREKnm99pnTrFWFT1rMHvmFmKG5zPor8wWYLl1VcxmVKibAAXB6uWw61spKBbhXPMpdX1u7cps9HYFi1rAXYtYaCwzOwsuug9IpUbJc6wLDxPjtN8N6JBUJJcFXQKKed82VxrnaysFUqoKsSxG8rA8iBe9ypAIVb3AJRTfLmGZDfKgG8lJRy3BFspItYrlBJJUrctTGoJF2U3u5G0KdJm9UFuYy5jbMFAa6arcfXTcaBEXrQ1bb2ojgj7OUHbq5QCLkWzBAO1c6C+ozHSRwxOuXKnKiMCQAFTMwC3GuUaN6pK77HNaUnDXNhlygdYZrLYgjKAE9RgCbMlgNRlJJeWHAcUp4DCVUKqzVbkswHW0sqog0yrr3XJO5hlUOJIFrurm2oNvEAzOlxErmRD9VgSPA7RJxGqXfMdyATz3JjLgnD3qCpl2Sk7s3sqqnXxuQAO0iUfSGArZ6dN/aRG/mUH8ZJivo0f8A8TDf+Xo/+2saTKiEIQEHS/o6mOw5oscpBDI9rlWGgI1HIkHuJnFuK/RVxKmeotOst90cA27SHyn3C8+iIQPlDGdFsXS/rKDp95WHkSLH3SC/Dai7ofKfXZF4sxXAsNU9aimvMAA/CB8oNRZeRE208Uy76/OfQ3Fvo6w9QHIMp7/zE59xz6OalK5VSR3QKPSxatz179D58/jNytzB/Xcf+J5jOBuhsVMg+jdNifA6iUWDDccrJoWzjsfXybf4xonGqFQWqJkY6X3XXTcajylOXFEbgjw/ETclVW7PdofL/iVD/imERVz02BXnYgjXwldwgBrsDs2Vf5mRfxkkJf1WHgeqfjofMyNSUpXXMCNUOoINgym/+GQXviFFaymhWyipl6pUkA/dZgNOY7O8XtsxVF66miylX9AyEsCFvo4e/ZYof0JjxrEGii+lp+kVnyrYdYEqHBGo18CPfJOHVEJYMEVlVu0ImUN/4gJ6obILDQHKLHQwsmqz0o4QtClSVWLWVlYntzZtuQ65sOxd5WsE3VZew39x3/XfLj0nSgabmlWzuzqzdcPZAjoAAuiDM4Nt9ezakYR7P43HnAktPJsYTHLKjB02PaL/AIH4gzH0cdcF4W2JPo0KhwSRmYqCCLkAhW1GUnbtjxegVcjVkHg7OfADItz7xApWWbkrOvquw8GI+RkzivDmoZWJDI/quLgXBIKkEdVgVNwew9kX+k7viv5wJacRrD+2q/zv+c8fG1G9Z2bxJPzkYv3H5/IwVwdjAm4LFMjZhbmLMLgqwKsrDmCCQe4x5g3wxX1ym/Vcu2Vm1L02RWOf7ZCm2mtrytKZ7eQXALhtc1VNQFP9YQVGysop2ZedjpfXeSKeKwikH06Egk6jEE6gg6smuhsOzlKMXHaIZxKLweNYSmAEJOUFVyUlsFJuVBZgQLkm1uZkTEdLE2Sm7dmdxb+ULp5yol/x7gLb3vtPQCeVu2+4PIEW09/KQO8R0mrt6uRPuLr7ma7A+BEUVqzOSzuWJ3LEknxJ1MwRPfttpa4JN97jTQ7czpIpBLLryHO+pJ29xEBrhsFUruEoozuQLKgubC2p5Be82HfHD4tMFTfDLVV8RiMtOu6HNTo08wzIrDRm3uRtfe4lfqcSemHRHZQ6gOFJUMBeysRuuu2xvrytL6N8Daq6llJzEBUG7k7acl7/AMJR9LcGo5MPRT2aVMfyoo/CTpGwNEpTRCblUVSe0qoBPwkmZUQhCAQhCAQhCATEi+8yhAS8S6OYeuDmQA9q6fCUTjn0aNq1Ihh2bHynVYQPmnivRirSJDIRbuiCtgiNxPq3E4VKgyuqsO8X8uyVXi/QHD1bleofMfn84HzspdTvcdhmNRrspFxpl87j8Z1DjX0bVUuUGYd2so2P4HUpmzIdO6Bf8c1OvQpvUByFaFYW5sqkFSeV9BJeAxucOp6tTLRZ2FhZnWsFpqBsqCqhvqSSeQAla6MVzVpeici1G9wTqUdiRYc7M58BknvCMYWxjKfVq0qjDxLqV8lT4yor3FUcVMQX9Yot+X1kH+g/GVnNZgewg+Uv3T51Cp7dRizAcgildfEvf+Azn7QpqYGYUHuoPd8tJsuPZHxlRtwdRlYlHZGKtlZWKkNa4Fxte2X+Ob6fS3HLtiKn8RV/8ynykNgOw+f+02F1b10DntOje9lsT77wmmdHp1jQpUujqxuwajSIYjmwCAk95vPB0tYnr4Lh7ntOHW/+FgD5xd6PDHdKo+64/wBSmZChhf8A+oe+k35QpmnSinu3DcAfuJUp394qWB20tNOK45g2OvDKSm1rpWroQe21yAfcZD/ZcMdquJXxp02/+UTD9hoDUYh7/aoKB8KhkVGRri83gXzWC8tkAtvbUDMl7aA3J7ptapRVQLJcfWGcX19kuQNLDQQq8Y2C1q6gAABajbAWA27PCEbkwVR9VSoQb+qhINsw0C9U2+ybDncza3DGFi+VL3JNR1QHbcMQTbranrNp6o1Kmtjlb1s7/fdz/qE1ftajako8QD8wZFM2o013r0lNhaxdzy0uiMAd9DmAtpf1p6PQjb0z22y01pruSbMztl1t9WxtqDfRWMa/1bL90Wnmd23dvlAaemsOrRRba3quahvf7OVded1N+c9wd3dib1na+irqL6E9XbTQaADTsi1MKDvc+JvHfD67IAF0HZAc8G6GPWcM+SkO1ytQgfZRNz4sJ2Po10coYVc1MF6hFjUexbwFtFXuA85zHgmNckbzq3AC2TXsgOoQhAIQhAIQhAIQhAIQhAIQhAIQhAIux/B6NYWdFPfaxjGEDj3TfoacHbGYYZ0TSqnWvkO7dXXKNQxFiAQdMt4uxHFuHMq1kq1KTqCVw5phwGK2tTcWCqdrk3t5TuDC+k5T0s+iQVHNTAulLNcmk2YJc63QrfKO61uy0DkvH+KNiar1G0udANgo2UfEnvJinLeW3iX0d8So3zYZnUc6RWpfvCrdv8MQVuFV0NmpVEPYysp8iBAiKWXZrTz0ze0ZIHDqnsHyM9HDn9g+UCP6d/aMPTv7RkkcNf2T5TYvCn9kwIJqt7Rnhc9p8zGa8Hf2T5TYvA6h+ofKAn17T5z3LLBT6OVD9Q+UmUuiVU/UPlAqgSerTMvWH6E1T9UxvhPo7qN9Q+RgczWgeyb0whPKdgwn0aN9YAeNvzjzCfR5TX1iPnA4fR4a5+qYzw3AHbZT5TumG6G4dNxf3ARrQ4NRXZBA4pgOh1RrdUyzcP6APpmFp1FKSjZQPACbYFT4X0RSnYmWejSCiyiwm2EAhCEAhCEAhCEAhCEAhCEAhCEAhCEAhCEAhCEAmDoCLEAjsIuJ5CBEfhGHbehT/kX8BNDdHcKf7BPdcfIwhAx/o1hf3K+bfnD+jeF/cr5n84Qgejo7hv3Q8z+cyHAcOP7MfGewgbF4PRGyD4/nNqcPpj6ghCBvSmo2AHgAJshCAQhCAQhCAQhCAQhCAQhCB//Z
7;Tesla;Model S;2023;1020 PS;140000;data:image/jpeg;base64,/9j/4AAQSkZJRgABAQAAAQABAAD/2wCEAAoHCBYUFRgVFRYZGBgaGRgYGBgZHBwYGRoZGBoZGhgZGhgcIS4lHiErIxgaJjgnKy8xNTU1GiQ7QDs0Py40NTEBDAwMEA8QHxISHzErJCs3NDQxNDYxNDE0NjQ0QDQ9NDQxNDQ0NDQ0NDQ0NDE0NDE0NDQ0NDQ0NDQ0NDQ0NDQ/NP/AABEIALYBFAMBIgACEQEDEQH/xAAcAAEAAgIDAQAAAAAAAAAAAAAABAUDBgECBwj/xABKEAACAQIDAwYKBgcGBgMAAAABAgADEQQSIQUxYQZBUXGBkQcTIjJSkqGxwdEUQnKC0vBTYpOissLhIzNDRFSDFRZjc8PxRaPi/8QAGAEBAAMBAAAAAAAAAAAAAAAAAAECAwT/xAAoEQACAgEEAQQCAgMAAAAAAAAAAQIRAxIhMVETBCJBYRTwcaEyUoH/2gAMAwEAAhEDEQA/APZoiIAiIgCIiAIiIAiIgCIiAIiIAiIgCIiAIiIAiIgCIiAIiIAiIgCIiAIiIAiIgCIiAIiIAiIgCIiAIiIAiIgCIiAIiIAiIgCIiAIiIAiIgCIiAIiIAiIgCIiAIiIAiIgCIiAIiIAiIgCIiAIiIAiIgCIiAIkbGY2nRUvVdUUb2dgo7zNP2l4TcFTuKfjK5GnkLlX13tfrF4BvMTx3H+FnENpRw9NOLs1Q9wyj3ygxfLnaVXfXKDoRVT2gZvbAPoGR62Lpp57ov2mC+8z5uxGMxNX+8ru9+Z3d/YTaY02cPrMB2fKAfQ9XlHg187FUB/uJ85FbllgB/m6PYwPung/0RBvJPePjHi6Y5h2k/OTRFnup5cbPH+ap/vH3Ccf88bP/ANUnc3ynhdk9FZ1ZU9Fe+KFnvS8ssAf81S7Wt75JpcpMG3m4qgf9xPnPniiEa5y2A0uL6noGusn0GpUxmKDhmGdj1A6duk0WJtW3SKuaTpbs+hqOLpv5jo32WB9xkifPR5QW0VNP1iB+6q/GTMPygrJqqhfsOUPeFJkOMP8Ab+gnLo94nM8m2fy5xC2uGPBrOvaSQ57JtOyuXNGoctUGm3TqR1kEZl7RK6enZa+zcYmKjVVwGVgwO4qQQe0TLKkiIiAIiIAiIgCIiAIiIAiIgCIiAcROjsACSQAN5O4Sj2rynoUVurCq5uFSmwYkjeWI0VRzk+2EmRZdV6yopd2CqouzEgKAOck7poe3OXhN1wgAX9PUBsf+3TNi32msODTVeUfKF6zZq7BrG6U1/u06NPrt+sewCddn7DqYiz1iyIdQu526/RHt6t8nZElTj3qYlyDnr1D9ZjmYA8fNReAAEm4DkOza13y/qJ5TdrnQdgM3PC4VKS5EUKOgc/EneTxM716oRS7blFzIBonKTZtDDKqUkOcm7OzEkKOG65PD3ygUfeP55pP29jC9Qk7+fgTzdgsOyZuSOC8diAxHk0/LPWPMHfr92SQY9p7JrUAC4ABNgQw32udN8hZfIsQAb+dz20005t/fNq5bYhCEUOCyM2ZRrbMBYnmG7dxmnvWvoN5gGKsjqFZlYBhdSRYEcDzzAtYg6GbzsXFI9JKFTKWAylSAVa263SbWmlbWoinWdF3B2t1X0Hw7IB1fFPuDG3DT3TCrs5K3NvrHeeoTErknKoux5zuUc5k6lTCJf6o38TNsWO/c+FyZzlWy5Z2eoEUacFEjlHdhl8pmI385O4STs7Z74l1CC7NcgcwA3knmAl4/J+rSAzJu5wyyXGeZ3FbIhOONU+Sto7Oqrl8ZTZQWC303mbIMGt7bt4+XsMk09s06oFN0ZHzKRuZSVNzu3aXjH1ApNugH4fCZShKP+SNIyjLhihgyoBI0PUZziQtrOmnEe0E7jKdtsFD7ZM2btgVQ63vY3twa+neJUkl7M25UwjXpsxXnQm9xwvo3ab6+cJ6Rye5UUcUAAQr7st95G8C+oOoOU66841njeOFnIG7eO3eJL2NhyavjF3KLORpoTe3EjUjoPWQZ52I4Peomn8nuUpz/AEfEMM4tle+jC1xm48e/pO4RODi6YjJSVo5iIlSwiIgCIiAcROrsALk2A1uZre0uW+Do3Gc1WH1aQz/vaL7ZMYyeyRDklybNBnm+O8JTFT4jD68xquAB1ql79WYTQtr8ssdXYq1dlHo0/IUcPJ1PaTN4+mm+djKWaK43PoCtXRRdmVR0kgD2yqxPKrBJ52JpacyuHPctzPnetVZjdjc9JNye06zHn4935E2Xo+2Zv1D+Ebny05TPi67qrt9HUZUUEqH01dl3k3JtfcAOMrl2uiIEppbTymLWJPYp04TXc44mdlY8w+Pvmz9PBpLekZrLJOy32btBKTmoyCo+9MwJCcQtxc8ZcPy0qcyoOtGP/lE1RabnmM7fRX9EyPxsfX9k+aXZsTcsa+uqcPII/nMhYrlPiKi5XKWvfyRlFxuvcG44SoSkWNgLmT8PsZ3/AD8ZP4+PojzT7K16jkkkqSSSSRfUzLhtoYimCKdQIG87KAt7XtzX5z3y7OxkTzzc9GYAd5+AMwvUVBp4pOADVH9wWPx8fQ8s+ymLYhtAM1/1QB+8ok7DUsSNwROqmpPeFnJxzHe7nqsnsWZaOJpHz1Y9bt8DC9PDonzSMqviRvc9lNflIeOo1qnkuzkdAVV9y3mw4HDYapoAAT0sx95mTEbGRNUy7yNLXuN465Pgh0R5Zdmo0sJl0CZR1HXrJ3yLtZ9Qm5QL2H1u07v6TbcjrvawHcJSbXwvjCWBuQBY2tfh+emMmJSjpWxEJ1LUznk7turh1IpU0YkWLsxJtctlGXrF+oSdidu4yp9SmPuv8ZRbKVgwHNroff0y/FUjdbuv75nDC1Gk2i8sibukV1CliS4clFINwQGvfqIlzVVnAFzcKASQNeNgRMHj3O5rfdHyketXqg+SxPElB7LRLBGvc2wsjvZJHZ9jhvOduxR+KZMLsKmhzB6lzvs2S/csxrXe2rm+nOo6+adTjXH+KB2p8pK9LD7DzSLxKVJdWBY9LEse8n4TvV2moULSADA6ZlJUDnsq2F5rrbR9Kpfq/oBOlbFoR5LsvTlBBPWZoscI7pblHOUtmyzr4ipc5q7Lm84qhQG+++S1+2bpyZ5TV0pqhdK6gWUtmV7dBe7X7Reea08TpYEnn1Nz3yTs3FmjVUjzHIDDr0BkyhGaqSIUnF+1nt2F5T0mZabg02bzb6qx6A4+IEvgZ49trHKqIpBJY3Uj6uW2vXrPQORm1ziaFybsjeLY9JAU37jOLPgUFceDpxZXJ0zYoiJym4mOo4UEk2ABJJ3ADeZ3mleEDb9KlSfDmqFqMgbLqSQTYLoDa9idbbt+slJt0iG0uTXPCN9NrIa1CoHwwt5NM+bxqLvY359w9s0bZLG2eobjoO7rI55n5OcoKmGqXZvGU3VldQdSrAg6bufn6JT165tZQQOAZrdVhO/BLTH3bHLlVv27k/H7UDtYWAGmlvzeQ1dOYfEyKmUb1dj9lgO6SsLVDOqKjAsbDMAgv9piAJt5ofLRn430dhSvuFuuZkwKneSe4TjE4gUn8WyszjeqFXykEghsjaEEG4OomWltZh5tGoOpPkY82PseKXRNw2ywdyd/9ZZ0Nl/YX88JU09qOf8ADrfs2+AMt9m4atiNEJU+iyOjfvqBaWWSL4ZVwkuUdcYUp+SDnbnAG7tlaKL4h8nlN/06alz25QT7JtlPkrY5qjmobeZdkTN+sy+URwBXj0SNiNn4+xSk1OlTP1ECqncAdeO888pPJLiKLxjF/wCTI+G2P4oeWtKl/wB2ooPqJnfvAiriMONHxRI9GhSP8buP4ZFPJHEnVqqA8L39gEz4bkyiXNd6j9CoFF+su0wbzM0SxIj+O2cN64mqToA1RUJ68iAjvmw4zYOzqGEGIrYd0Zh/Z0zXqlmNtNzDTnlVSrYbCHNTwqs41D1qhex6Siqo9s1/bm2qmIfPWqZ23KBYKg9FVG4e2Vjiyye9r/pZzguCuxGUnyVCjrY368xMju4UXJmCviLnSQqjFmCjeTYfEzplNY4mKi5SJiYp3OWmju3ooCbdeUXnJ2rUU5K2dSOZ81x2NqJJSv4pQikqOfKcpY9JO8zjE1DVXLVLMv1SxzNT4o2/L0qd/XacX5M7uzp8MKJTbVqWUFg1P6xfU6dRux6JiGOXf5bdbBR7jKnBsRmpNvGn/r8885Vja3ROyE01qXyc0417ei2G0yPNRRxJLH4Tq+06h51HUBKu8Xl9RXSTGxbne5906tUJ3se8yITOQY1CjPcdM4ziYwp6D3TkU26DJ1MUjvmEZ7ToyEbxMbNIcqCjZLwz3YCWeLxSIALi4IJJNlBGtuJlRROVS3YPz+d0uDko01GRGquLszqHK31CIp0FhbM28k9AmeXPoj9l4Y9T+iWNuJiAiMLOubKVN1a9tOlTpum/+CXFktiUO7+zcdZDK3uE8ZxC5W8YFClSCVAsrAEahfqkdHb0z1nwRVL1q5G40qZGt7+UTf2zKWXyYnfKNFj0TR6xEROE6TifOvhHrl9oVyNbNl9VVX+WfRU+dOV3jlr1qxT+yfEV0V+YsrtmW+8EceNtxnR6atTtmOa6VGsZG6u207Kx6fbOhFze3tPxmUKTO2KOdsyK56fbJuBxpRhm1W4PSQRqCL+7nkJaUyrhzLuCaplVJp2ifhcUgZma4zMzNYXuWNyT0m5mw4Lb+HQa5+xR+Ka1h8Dc65uy3yltQ2Ejby/evykxioqkQ227ZeLyow3RU9VfxTIOVOG6Knqr+KVKcm06X71/DM68mU6X71/DJILijyto7sz/AHl+RJk1Nv0mFw6drBT3GxE15OTSfrHhmHymY8m6fon1jAJO0eUmUHIyHqKn4marjdv1X3uwHQDb3SfjNmUF0W5PQivVP7t5WNsmox8jDYt+Iw7gd5Eo8kI8tFlCT4RU4jEFt5v1yMpubS9w+w6jYinh6lJ6LVCMpqDLpexYi3NzzHyg2C+DrGkzKxG5lNwRZTfh5w7jIWWMnSZLg0raKCqLGSNjUAWao2qoCB2As3wX70wYk6mWVFcmHA52QMfv1A3uAnJ6l70dGFfJDogu/SSZsT4QFLfm8pFpsuqFVOUtqbGw3hf1jeW2z6xalc7yCZyG5r2Kp5aikc4IP3dR7NPuzmoQObfrJW1EsQePvDD4yDX39k7cD9j/AJObKvch4wdA7v6zkVeA7hMU5WmTzTVNlKRl+kHoj6Q0LhyZkXDDnl6kytxRj8e3TAqsecyXTw45h7PnMy0D/T+gkqL+WV1LohXbn3cZgca6dUuDgmtciw42X+IgyvxFILc3ESjsTGW51UZmRBuLAdl/K9lzJbv4yvbmzW7vyZF2f/eKfRDN7l/mmVFIVnzZWJstr3PORfm65wZ3cjrxKolvtjCgoGA3DvHP+eM2jwLVyMQyH9C49SolvY5mus5NJFbfkIPHS82nwMUT9IrtzKtu1ipHsDd8pB7S/gmXK/k9jiImZc4nzRtTGM1TEJYFTXxDsWAJ0qELlJ1W19w331vYW+jsfiRSpvUbzURnPUoJ+E+bMU98zBdXJZ/KFwzMzNvtbVjpa2g1nT6aGqV/BjmlSoqKmJINjrH0u3NOfot2OZrDhqTOWwqg6PccTY/wzSc8qk9PBSMcdbnK7QPQPz2zIu1GH1R+e2Yvow9IesfwTn6L+svrH8Ep5M32X0YiZS2867lX89sk0+VlUbkTuP4pWfRP1h6x/BOwwB11HrH8EeXN+ojx4/1lwvLSuPqJ3H8U7f8AO+I9FPV//UplwJ5yPWPZ9SPoDcPWP4I82b9Q8eP9ZeJyxxLaZlU/YX2XvI+I2rWq6VKjMOi+Ve1VsJBTZeZd5DcLtbo0C6y1wOx0ZAWxNNH1zJUV0tYkA3K2NxY8L2nThyOSamjLJBRdxZ2qcosVu8c6qAAFUkIABYALuEg1tp1m86ox67fKT6uyVXQYim32VqP/AAoZH/4QT5pduqm49r5ZoscFwkZ6pPlsqa1ZjvJPXMjNlVQAASC2gt5xJv3ZZYtscAXdig42zHgALj2yoxdS7WG4dHMNAB2ACVcdLtFk72I2IPknqMtmN6aDppU/YolRiCMp11tuljRq3p0m6FyH7v8AScXqH7jpxcE1tnNVZMgJa1rDTeN+s4dDRORjqosezSbFsghHRxut7DIOMwoq40E+YGzv9hfKYdtrdZEwNSo5QJlJXnBVT1jf7pVVN8sNu4nO+Y72dn/PaTKw1AZ14KUTny7yMy2HMfZO3jh0DvkcW5x+e+c51H/sToUjLSZ/pH2ffH0k+kB2SP45eHeJ2FUHcoPVr7o1/Y0fRlGKYfWPZpOprE/WY/nrnZKdRvNpuepWPuEzjAYg/wCXq/sqh/lka12TofRFBHQeuCp7Jziqb07CojpfUZ1ZL9WYC8itX4yryRXySoS6JuC0d+FO/wC+vym0bK2MtZUU+kWB6xqO74TTsNiLPqd6FSevX3gd03Lk5tC6BAfLQ3HEc9uI9xE4ZyTk2jpiqikVihjVqKfNpo7HvCD2uJ6d4HMCVpV6x+vUCDj4tfKI7Wt2GaJiKJBdALvWdfJG8IDcKeLMVFuC9M922RghQoU6It5CKptpcgeU3abntlU6T+yWronxESCTGygggi4OhB1BvwmqbV5A4SsGKqabHcVsQD05T7gRNtnStmt5Nr8ZKk48Oirinyj5+5Y8hMRgl8azLUpk2Lrm8n0c6keTfcNSOa+6+kO5G8T6ixlDFOpW9LKQQVZcwIO8EHQied7R8EzVGLIy07m+VT5I6lN7DhJ1S7J0o8f8bwnDVBPTX8DeI5qqdsxnwOYn9JTPbb4RqfYpGuciuR9babvlbxdJB5VZlLLm0sii4u2t9+g37xfbn8DrLvx9MddMj+ecL4MdoKoRa4Cjcoeyi+/QCYH8FmPO+oh63/pGp9ikdavgvpr5208MOtQP/JIVTkDhl37Vw3qk+55JPgmx3pJ6w+UxHwSY/pT1xGp9ikV9XkjhF37VodlJz7jMB2ThU0Xaq/do1vnLQ+CPH/8AT9cTofBJtD0afrrGqXY0opa2Hw4/+RduqjU+LyDVp0P9VUb/AGj8as2VvBLtH0aZ++s6N4KdpfoqZ/3Ek65dkUujUMStMeZULdOZMndZmv7JGznhN1Pgt2n+gT9onzgeC/af+nT9onzka5djSjSi9xM1DE5RlO69xwM28eC7af8Ap1/ap85w3gu2l/px+0p/ikN3yWoxbE2quTK4JQej5yHn051lhischRvFBgD59V7DQfVFvde86YPwX7TVrimiHpNVf5SZtOzfBdXchsXVDW3KrFgO8ayAeS43E53JCmw0XqExK7jco7VU+8T6Bw/gywq+dmMsaPIHBL/h36zJtkUj50p4ysvmhR/tUz/JJtLb+MTzWA6qdP8ABPoqnyQwS7qCdovJKcnsKN2Hp+qItk0fPNPlltFd1X/60/DJlPwg7VH+L3onyn0CuyMON1Gn6i/KZF2dRG6lT9RflIB4GnhK2qPrKeumvyklPCjtMb1pn7lvdPdfoNL9Gnqr8o+gUv0SeqvygHhON8I2Krp4vEYOhWW4OV1JFxuI10PETSdrA1ajPTw/iVa39mlyqm1jlvqAd9uufVZwFL9Gnqr8o/4fS/RU/UX5QD5G+i1PQf1W+Um7OrOhsVY8NQezjPqz6BS/Rp6o+U7DB0/QT1RAPIPB1g1autaurIF8pEILM78zu1rBV3hRvNifNF/ZQb7p0Wio3Ko6gJlgCIiAIiIAiIgCIiAIiIAiIgCIiAIiIAiIgCIiAIiIAiIgCIiAIiIAiIgCIiAIiIAiIgCIiAIiIAiIgCIiAIiIAiIgCIiAIiIAiIgCIiAIiIAiIgCIiAIiIAiIgCIiAIiIAiIgCIiAIiIAiIgCIiAIiIAiIgCIiAIiIAiIgCIiAIiIAiIgCIiAIiIAiIgCIiAIiIAiIgCIiAf/2Q==
8;Bentley;Flying Spur;2023;626 PS;200000;https://www.bentleymotors.com/content/dam/bentley/Master/Model/Family/Flying%20Spur/Flying%20Spur%20W12%20speed/1920x1080.jpghttps://encrypted-tbn0.gstatic.com/images?q=tbn:ANd9GcTqF_a3itNPp2XTxDxh9BPoELxjz9UlmxzpIA&usqp=CAU
9;Rolls-Royce;Phantom;2023;563 PS;450000;data:image/jpeg;base64,/9j/4AAQSkZJRgABAQAAAQABAAD/2wCEAAoHCBIREREPERISEREREhEREREREhIREA8RGBgaGRgUGBgcIS4nHB4rHxgYJjsmKy8xNjU1GiQ7TjszPy40NTEBDAwMEA8QGhIRGjQhISExMTQ0MTE0NDQxMTQxMTE0NDQ0NDQ0MTQ0MTQ0NDQ0NDQ0NDQ0NDQxNDE0NDE0NDQ0Mf/AABEIAKUBMQMBIgACEQEDEQH/xAAcAAABBQEBAQAAAAAAAAAAAAACAAEDBAUHBgj/xABEEAACAgECAgcFBAcFBwUAAAABAgADEQQSBSEGEyIxQVFxBzJhkaEUQoGxI2JygqKy0VKSwcLhFTNDVGNz8BYkU8PS/8QAFwEBAQEBAAAAAAAAAAAAAAAAAAECA//EAB4RAQEBAAMAAwEBAAAAAAAAAAABEQISITFBUXGB/9oADAMBAAIRAxEAPwDZ62EHlPfDDzo5LYshB5UDw1eFWg8kV5VV5IrQLiPJ1eUkeTI8Lq4ryVXlRWkqNILatJFaVVaSq0CyrQw0rq0NWgWA0LdIQ0fdGNJd0fdIt0W6TBLuj7pDui3SifdHDSENHDSCYNHDSENCDQJg0IGQho4MCcGODIg0IGQSAxwYAMcGFHmFmR5hAwCjwQY8gfMUaKAUUaKA8UaKByMPDDSuGhK06uSyrSRWlZWkimBZVoatKwaGHgXEeSo8po0nVpBbRpOrSmjSZGhVtGkqtKqGTIYVZVpIrSuslWBKGj7pGIUAw0fdAikB7ot0CNmBLujhpEDH3QJQ0INIQ0INDSYNDBkIMcNIJw0INIQ0MGBKDDBkIaGDIJQY4MAGEDCiBhQAY8gLMfMCFAeKNmPmAooooHGg0kUyAGGpnZxTq0kDSAGEGgWA0cNIQ0MGBZRpOjSohlmuRVlDLCSCsS1WkKlQSdFgABRuYhVHezEKo9SZVfj+jQ465XPlUGt+qAj6yDURJKqTDbpTSPdrsPxc11qfmxP0kN/S11GV09R/b1e38kMuU7R6UJC6ueI1PtFapd1miKgnCuNQTSx8t/V98rV+0q1wWr0CsoOC32xAAfiSgx+MmVe0dA2RbJ4Sn2halzhOGo/wTXVMfopk1ntDaoganh70Z7t2s0oJ9AxXMnpsr2hSCVnlNP7R9ExAdLEJ8es0dg/htJ+k1tL0s0FvJdQFP/USysf3mXb9YGpiKHU6Ou6t0sX+0jK6/MRFIAZjgxbYsQCDQw0iEIQ0lBhgyIGEDIJgYSmRAw1MCYGGDIVMMSCURZggwoU4MeDHBgHFBigFFFFIOLAwgZGIYnZwSAyQGRLJFgSKYawFkiiFTVy5Usr0rL1KSVU9KTN4txKwP9n0xVXAJsubBSpQMsefLAGSSZDxvjPVA1Vc7Dydx3ID4D4ynVWU2aZhm7UCuy5fvLWzfoqPV2G4jyUA8jLn3Wby/GJxG6x6Wv6t7mezq9O2oLvY6qAXsKk9gcwAq45sO/BzjanQ8WP/AA2A8ABTy9CTn6zp+KiQAVK14RCMdyk9sftMWf8Afx4S1p2rzh2BHgTzIkZvKy+OecD4brKdJqtVe1odVsZEdyxGxQUIGTgF3A9UE8Up1YBsVtRtU4Lq1m1W8iw5A8x8xPoPiekrajq+QVlpU/EFuv8A8mJlpwSvq2pGwVu+5lJVd7dnAyf2Ryknsa5c7LPPlx7hnSHUVPtu3aipwUsS3tsynvAZuZH6pyvwzgi3raEo27WLaDUnfTZgs2ktxjPnywQR3lVI95eXueLdG6K2YGonGeZNY/lczK4iui09FOmsZgut3MF7O2kq2wuxJ7PaHI/q8+QObP6vb2ePL6TVamu5aFcq5dUXt9hi2NpDeKnIIPkRPa6bjN2nIq1epoG4A9X+ktYqeWSoTGOR754+rRvVqK9NdysotRtPYQQLEVwxpP1K57myvjyj45dv1dtiMHQsoUjIwFULtIbGCCDymt/U5cdr2+p4TwvWZGxKnYcr9KOpyeR5oRtP93PxEwtT0AtqDOty21KezYlZ3Kv/AFBuyvj/AGh8RnEx9Nr3TuOOYPfPX9HulIrYb3AQghu0OXkcev5xZPpm9p9vPV6HWaU9ZRY3Z8aLHR8fFeWfTnPUdHvaHYpFesU2rnBsVVS5DnnleQcDy5HkfePKTavXaS7L12U1Wd5Q2AK/qAMKfT/WYXEjpXbbZZWtgA22Kw5jw7Xcw/8AOUz/AFOPPlL667otVVqEFtNi2I2QHQ8sjvUjvVh4g4IkxScT4ZxS3R2b6LlyeRKkPVao7ldM9r6Ec8EZnUOjnSqnWYrbFOpxnqmbK2YHNqm5bgPEYDDxGME5sx3l1tFYsSUrG2yNAEIR9sQEBxDEECGBAMQ1MjEJYEojgwRHkBxQQYQgKOI0UKKKNmKBxkCEBEBDUTq4HUSRVjKJKggOqyZEjKsnVZFWdFpmsZUQZY93gPiT8JrX8JsC7a3QMeTWOx5DxCKoJ/E8/SDw5SAiDlkAnH3iefP8CB+EfWdJ9Fp7Bp3tVX7judFyc45biM8+We6Z1c1m6foxtdXd0t2tuKBGVWPkWPh+Eis6MWHWWa8WP1lhZtvWLsRygQMo2ZyoHLJ5YE9S9+5dyEYI5ERIjfGLytSSR4tejFlYwN7Ad26wnl6Kognhlo+5y9Lz/nE9yaz8Z53U8A1BZ3XUjn7oektgnkASH5jn5CNpk/FbUX6uxQHrAAKkAUXAjapUZ7fkx+cpaqiy1DXZXuTIbHVXqQR3EEWZBmlpOE3kq76vKk1uOorepmAIOCWduycYIx3GeiAJ75Us314CzhygKD9oUKwOFOpbcPFSC7cpitwLr7mtu095UdmsNuXYgJOF2nxLMefnOtbT8PlJAPgPlIrnfF+D16s1ixbk2qR+jRQwHeMkkjbyAC4+II55h/8ASNFhJseyxjjt2adWc45dpkKlvViTOkD3mOB3KPlk/wCaGAP7Il7GOeVdF6k91aj+3o72/wDvxKmo6JVsxY2KMnO0UvUg+AGTgTqisPiIFpIGe8RqY5Y3Byn30sA7lfUalB8lWAxdOXU6T5tZ/OonRb0D8iqn1AMrf7Erfn1aeoVQfmI0xz77Wy92k0j+mn0hPzLiGvFbFw32GgFSCp+z15UjuI6tyQZ7xui1Z54IPwZj9CSPpMvinATSa3Q12I1ldbpZXWGXewVWDIBntEDmPGNXGKnTXUA4anP7vEgPmDiWk6eOvv0IB5nUun0fMsX6IVsyWWcPrZTgh7BWw8sjPI/CS6fh1dnIanRE+SXWf5WgDR063d+ntI867a7B9K/8Zr8O6TrccJptUcciVrVwp8i25QDM63otRaMNdpTggHI60ZPdkODK+kNOlueqlyWqDbwq3UqSvaZOrbCsSFIDAH3hgx4bf165+JKoyatQfh1LE/w5lfo/eAnVn7SWNlrqNSrF1QuSFDHwAI5EkjPpM3UdNKK7LKxp7matyhYmsBiPEZbOJn6n2gVdl/stuUcMGFlY5HskHn3HMlkalr3u0jwI/COJzfV+00OvZ01g5cv0iZ/KanAONM1tZ7a121qWrZusUObUq3Jn3ebqSBywCfHszGuz2wjxhHkU8cQY4gFHEYRxAUUUUK48BJFEECSATq4CQSVBAUSVRCpEEnQSFZOsitG7Wimp7c46ugvnyKpyP5TkHCODWaxm1dpJ3tYS2wPvsFbOEAbIVcALuIIyQADjl0fj5Z9LdVk9vT2Io9VPIfj+cxuj+m6vT6ballbPRUWLK50lqvmwWZHMMpdxhT4/AYzJ6dsjW9n+qfT6izhWocWbF6zTuBtBVcF68fdK5U7cnAPLlidM2LOK8d4r1F2j1e+n/wBteM1oxbUNW4xc7+aFVUDkPe9J1XT8RDgc8nHP1iw1r7RIb6xt/EH5ESD7UJV1WvAR+f3W/KMNXWpEAoJSfiI85E3EB5xia0CojFRM08QHnAbiA84w1fXGX5/eH8qyQCYi6/m/PxB/hH9IHDeJs6EuQWWy1CRyBCuyg/ICMNb7naMmc94/7T6aXNGlQ6qwHBKNtqB8lYAlj6DHxlL2o9JnSpdFUxDagEWFfeFXcVH7ROPQMPGeF4dwtuquYA9VQobU2hC20EgBQMjdz+7kDGWPeADX1te00vtPvDDr9GNueex8uo/ZZefzE6P0b6S6XW176XBxgMp5Ojf2WU8wfofAmcrHQ+lr9BTU1mNbpm1NdrLTtrAQODsVAT7yj3hjnzmCdRbodT19LIbFd0LIT1WpVGw9bjzBA+PMHnlWLCV37WW9rIcgYAwM49eRH/gmRxpj9mtYncUU2Ke7mh3r8sCZXC+OLqqkuQ9l1Bwe9fAqfiDkS5xG3OnsHnW4+YM0lvrzfSzorqdfc12nsXqXFbWoylsOoZVdcDvwzeI75X0vs+Zq+rezCl0dl6h27SqUUgqVx2T5d+TNnTcQYUo6OyttHNWKnuHlLml47f42MfXB/OZiVmcH6AV6TUJqktdmQONnUuq4ZSpOe0x7yZS42ttWsfU2VtWllgessOTKpHfjx5d09nVxyzxf+FP6Sn0l15t0dyuVbs5XKrkMO4jlyMqefLw3FSPtGzOTsQuT4sqbGJ/eUzP4mgFZA5bTk+gknFnxeHPLeqn+87k/zSlrL/0dn6wP1P8ApJWozg2Ofic+vkPznvODuBoU1W8h6N9AXvDruR9x/FfnOetZ4eA/0noOD6rGg1CFgCbHCAkZY8zy85I1XeT3mKMI8jR48GOIBR40cQHijRQOQiSLIwYYM6uKRZKpkKmGphU6mTI0rqZIsYLhrWxSjfeBGfInxnneAKqVaexktsVaBXbYW27bEVkNNKjA7C02OWbyHng7D2WL7iK/q+D8sf4zzeo1F2le/rNNZZptQbXAr6wfZrbV2Wsu3PJhz9TyK/eh8qntCGylA1VYa20tVchPWPWoZLKXHjtdU7WfEfjr9GeOu+mqcrkhdhw65LJ2SSDjGSM9575z3pNxw6zUPaV2LucpXkkIXYsx5+JJyfw8pS4fxOynIV2C5J2jGCx8Zm31vr47V/ts+JdP2l7Pz5iAOKdZkLZW+eRwc/kZyuvpXevcxx64llelztysUOP1krcfxCNZ610tNY+ASmeQzhj3/KM+t/Vcem0j85z6rpLX5bP2TZX/ACkCX6ekCnusf03V2D5bQfrLqda9W2vX+2R6q4+uIP2sH3bEPwDjMwU4uG++hP6yNX+W6GdUjd4RvRk/xIjUxs13Pubx5Kfz/pJEvKAgAgEljkkkknJOT8Z55lUEFAy8jkpuXyxzH4yeq1u4Wv6M2/8AmzGmPI9JdYX4iztz6lV2581XeP4mnsuHabVaGnT6mk1azT6qsUa+neC1N1oJbrAD3qTnd4KpBwOZ8P0irxqryTuL0hgcAZOFHh+yZ7K48Or1Wnsrv1T6g2N+iNamgsyLlC5CHaOyfveHfJG61uH3JpTXWljG6hdlAsIb7PU7s1lWRzZdm1Ry8CcjlMHjzi6vTcM0+ntfq6rtS2pesq9lig5YbRjZ2dhPxXy56LtZvSsHIezecBSHJJ3uWAyWyCNpOAoJwCMiTU63iiVK+hVWraxkfaKHbCsdykMSwPeOY7iMec3WJbry3QPiTJY+n71P6VRz5EYVgMeYwf3TOjvbvrccvdPiOfKcc0Fgo1qFT2EuKA5+4xK5z6NmdN02sRlwHU8vAgzMarMufUrp1Gmq658FiDnbXWuAXYDnjLKP3pRpbi7e7VpR6tg/V5rVcco09bLZYqM9aqobPNd6s38i/OUj0i0o7r0+Z/pIv+JatFx1+4aZfRqz+bTX03B+INXt1Vla5B39qkVnny93LYxj+kyq+mWnT/jL+GTCs6eaXaymxiWGBhGMeJ7+D1Ol0xp6/VPai1blJrStwVRsZyTnvOOSzFbW8KdlrSzWWF2VFA6pAxJwB2qTjv8AOR8W4rRZpWoNy12MW5OthIVnDg4VT3ieX0worsSwXsxR1cBaCQSpBA5sPKSrI9Lqtfwyp2rOj1LupwTZqAVPLIwa2UEYIM9Hw2vT2IpFCKLK06td9xNe9Mnvc5OCg8htHKc61ms07u1jLqHdjubtV1gtjv7mIz6z0PAuIvdqdFRWyVo1mnrVA3W2NkqpXI93A7ycdx+GUsLK+gY+YJMQMNihAwAY8A48EGOJAUUaKByGODGjidXEamEGggQwIUYaGGkYEMCBZqeXKrJnJLCNAuXaeu0bba67QfCytLB/EJm6nofw233tKiHzrL1/RCB9JoI8nR5MWV5HU+zLRvk1231k9wLJYo/AqD9Zjar2YXL/ALrUVWfB0er6runTVaFukyLtcW1fQfX15/QFwPGqyuzP7uQ30mDquH21HFtdlR8BbW9f8wn0MWgvgjBAIPePA/hHVez52R3X3WYejHElXX3L97P7QE7drOjmhuybNLVk97Igrc/HcmDMLV+zvRvzre6k+QdXT5MM/wAUmLsc1q4zYvgD6ErL1PSRhyYN8ww+s9Dq/ZraOdWoqf4OjVn6bph6voTr68/oC4H3q2R8+ig7vpJlPGdxXiC3Oli94UowI25GSR+ZnrOFa5rdPRRpERNZcers1J52IFCIxVj7pNaqxxj3T3tPFajh1tRxZXZWfJ0ZT9RLXCeJ26VyyE7WG1hnAYeHPwI7wfCWeJymzx1DQ8QZgaabVWuzVPo0dwrO7JQrO5IxyY7EwD97xxzwbHYinXaWw0Cr9Hr6CRhnQDc+D727AODkgvkeOM5NdQa6FptKdTqBqP0ytuckgsMpuGeQGeyCB4d0y+McTrdrepUr17BrWznewzjA7lHM8h5nn3YtrMjFvfOW8Scj1750bh+zAbxIzOaufCX041eBtDjGMe7zxMyt2NPjelsd1KUmxFXGe3hWySRyYc8FfnMocOv/AOWb5Wf/AKh18ZvUYDADv93x+fwhNxa5u9yPTs/6x4epKeDakjP2VOWPffafkzjMmXhGo/8Ai0y/tMjY/iMoPrrT/wAR/wC+/wDWQm2w97v/AHm/rCtG/glzkvZbSCfeO5s8hjuVceAgLwmvIX7QGYkAIiFmY+Sjdkn8JmtUT3lj6kmXuGa7UaRi+nusoY8mZG27h5Edx/GB6nQ+znV2Yb7PYoPPN9lVI/FRlx6Ynt+ivs9GlsS+yxAyFW6ulWfLA5G6x+eMgcgo7u+eY6P9LuOWECus6xD3M+lJTH/cTaPxJnVuC6jU2V7tVp101nLsLYtmfjy930yYRpAwgYIEICFOI4jCOIDiEDBEISAoo0UDkQEMCCIYM6uQgIQEEGEDAMCGBABhiAaCTosirlhJBKgkySNJKphUgMIGCDCBkBxiIgYQgR7RFtEkigRdWPjG2DzMmxFiBA1eRgnI8iMiZ2p6P6S3PWUUsTyJFYRj+8uDNfbFtgeQ1Ps80LjsCyr/ALdrH6OGmbf7MKz/ALvVWL+3Wr/kVnQsQgJMi7XMLPZfcPc1NL/to6flulc+zbWjubSt6W2f4oJ1hRJBGRdrkB9nmv8A7FR9LV/xxJq/Zvrj/wAuv7Vrf5UM64IaxkNcw0/suvI7epoQ/qJZZ+e2aum9l1Ax1mqtY+PV111j+LfPeCGIweY03s94amC1b2keNlz8/UIVB+U3dDwHR0HNWlorb+0tSb/72M/WXBDWBODCWRLJFkaTCFmRrDEBxCEERxAIQhBEcQHiiigciEIQYQnRyGDCEAQhAMGEDIwYQMCdGk6NKqmSq0C2jyVXlRWkgeFWg8IPKoeEHkwWg8IPKoePvgWusj75U3xw8C31kfdKnWR+sgWd8fdK3WRdZILO6EHlXrIQeBaVoQeVleGrxirStJA0qq8NXkFkGGpkCtJFaFTCEsjBhqYEqyVZCpkimRpMsIGRqYYgGIhGBjiAQMKAIQgPFFFA5LCxFFOjkcCPiKKA4EIRRSiRRDEUUCRYcUUgcRRRQp4QMUUBZizHigLMeKKAo8UUBxCBiigGpkimKKRUimSKYooEymSKYopFiVTJViikEiyVY0UjSVYYiigEIQiigOIQiigPFFFA/9k=
10;Maserati;Quattroporte;2023;580 PS;135000;https://encrypted-tbn0.gstatic.com/images?q=tbn:ANd9GcQGRg1vsc2GPTQ5iHxplNZRx67lxaCqmJYtFw&usqp=CAU